stuId,stuName,volTimeInside,volTimeOutside,volTimeLarge
20200101,高一一01,1,17,13
20200102,高一一02,13,6,14
20200103,高一一03,4,10,10
20200104,高一一04,7,10,4
20200105,高一一05,3,9,13
20200106,高一一06,18,9,7
20200107,高一一07,19,19,13
20200108,高一一08,15,17,6
20200109,高一一09,19,9,11
20200110,高一一10,0,3,15
20200111,高一一11,24,16,2
20200112,高一一12,18,5,2
20200113,高一一13,5,14,13
20200114,高一一14,18,2,8
20200115,高一一15,22,17,12
20200116,高一一16,12,18,10
20200117,高一一17,5,3,5
20200118,高一一18,21,0,8
20200119,高一一19,18,3,8
20200120,高一一20,1,7,11
20200121,高一一21,20,15,8
20200122,高一一22,16,8,15
20200123,高一一23,17,15,1
20200124,高一一24,12,19,14
20200125,高一一25,2,10,12
20200126,高一一26,5,5,7
20200127,高一一27,9,1,13
20200128,高一一28,16,6,12
20200129,高一一29,22,7,5
20200130,高一一30,16,11,15
20200131,高一一31,9,17,16
20200132,高一一32,4,15,0
20200133,高一一33,21,0,15
20200134,高一一34,19,9,5
20200135,高一一35,15,0,16
20200136,高一一36,16,12,16
20200137,高一一37,17,0,13
20200138,高一一38,22,3,1
20200139,高一一39,18,17,4
20200140,高一一40,10,20,8
20200141,高一一41,16,1,0
20200142,高一一42,21,12,16
20200143,高一一43,12,12,16
20200144,高一一44,15,18,15
20200145,高一一45,9,17,3
20200201,高一二01,19,0,7
20200202,高一二02,20,1,7
20200203,高一二03,12,18,0
20200204,高一二04,12,8,1
20200205,高一二05,8,19,11
20200206,高一二06,0,1,8
20200207,高一二07,14,20,16
20200208,高一二08,21,17,4
20200209,高一二09,18,5,1
20200210,高一二10,16,10,7
20200211,高一二11,4,11,1
20200212,高一二12,22,7,6
20200213,高一二13,14,12,9
20200214,高一二14,6,5,16
20200215,高一二15,18,15,7
20200216,高一二16,19,12,16
20200217,高一二17,13,18,16
20200218,高一二18,10,16,7
20200219,高一二19,18,8,8
20200220,高一二20,0,6,9
20200221,高一二21,12,2,0
20200222,高一二22,15,12,8
20200223,高一二23,20,17,7
20200224,高一二24,13,5,2
20200225,高一二25,15,20,3
20200226,高一二26,2,14,13
20200227,高一二27,0,5,4
20200228,高一二28,16,2,9
20200229,高一二29,21,14,16
20200230,高一二30,13,4,15
20200231,高一二31,24,5,3
20200232,高一二32,20,19,3
20200233,高一二33,24,19,1
20200234,高一二34,0,5,11
20200235,高一二35,23,8,5
20200236,高一二36,12,19,2
20200237,高一二37,4,13,10
20200238,高一二38,20,7,10
20200239,高一二39,2,2,7
20200240,高一二40,9,10,16
20200241,高一二41,24,2,13
20200242,高一二42,13,15,4
20200243,高一二43,23,17,16
20200244,高一二44,8,18,9
20200245,高一二45,0,9,11
20200301,高一三01,14,10,11
20200302,高一三02,18,2,1
20200303,高一三03,14,11,1
20200304,高一三04,23,15,13
20200305,高一三05,13,0,0
20200306,高一三06,13,10,0
20200307,高一三07,7,15,6
20200308,高一三08,15,0,10
20200309,高一三09,9,19,7
20200310,高一三10,4,17,0
20200311,高一三11,10,5,3
20200312,高一三12,17,10,15
20200313,高一三13,10,11,6
20200314,高一三14,17,7,4
20200315,高一三15,23,19,13
20200316,高一三16,0,14,16
20200317,高一三17,21,9,2
20200318,高一三18,18,11,13
20200319,高一三19,1,5,12
20200320,高一三20,22,9,1
20200321,高一三21,10,16,5
20200322,高一三22,14,1,1
20200323,高一三23,21,13,14
20200324,高一三24,15,2,14
20200325,高一三25,17,5,13
20200326,高一三26,2,12,11
20200327,高一三27,1,7,7
20200328,高一三28,15,18,9
20200329,高一三29,24,1,13
20200330,高一三30,17,7,16
20200331,高一三31,4,5,12
20200332,高一三32,2,12,7
20200333,高一三33,5,9,8
20200334,高一三34,1,0,14
20200335,高一三35,2,7,15
20200336,高一三36,16,6,3
20200337,高一三37,7,19,5
20200338,高一三38,7,19,2
20200339,高一三39,3,16,10
20200340,高一三40,10,5,7
20200341,高一三41,1,18,2
20200342,高一三42,1,3,3
20200343,高一三43,20,14,15
20200344,高一三44,5,0,1
20200345,高一三45,23,18,4
20200401,高一四01,0,13,7
20200402,高一四02,19,20,2
20200403,高一四03,17,10,14
20200404,高一四04,2,0,5
20200405,高一四05,12,10,13
20200406,高一四06,12,16,15
20200407,高一四07,23,18,5
20200408,高一四08,13,14,5
20200409,高一四09,1,2,5
20200410,高一四10,14,12,7
20200411,高一四11,15,9,3
20200412,高一四12,15,15,1
20200413,高一四13,10,1,12
20200414,高一四14,17,0,11
20200415,高一四15,22,13,10
20200416,高一四16,23,5,11
20200417,高一四17,21,5,3
20200418,高一四18,23,12,12
20200419,高一四19,24,7,12
20200420,高一四20,17,19,8
20200421,高一四21,7,18,4
20200422,高一四22,20,16,4
20200423,高一四23,10,12,10
20200424,高一四24,13,4,1
20200425,高一四25,4,11,7
20200426,高一四26,14,20,12
20200427,高一四27,14,14,7
20200428,高一四28,21,19,15
20200429,高一四29,16,16,12
20200430,高一四30,7,8,14
20200431,高一四31,21,17,9
20200432,高一四32,14,3,15
20200433,高一四33,5,17,2
20200434,高一四34,7,3,5
20200435,高一四35,23,20,12
20200436,高一四36,17,20,6
20200437,高一四37,20,14,14
20200438,高一四38,24,13,11
20200439,高一四39,0,8,12
20200440,高一四40,17,0,10
20200441,高一四41,19,7,3
20200442,高一四42,11,4,12
20200443,高一四43,12,4,10
20200444,高一四44,5,18,6
20200445,高一四45,12,12,9
20200501,高一五01,2,18,4
20200502,高一五02,8,15,14
20200503,高一五03,14,12,24
20200504,高一五04,20,9,34
20200505,高一五05,26,6,44
20200506,高一五06,32,3,54
20200507,高一五07,38,0,64
20200508,高一五08,44,-3,74
20200509,高一五09,50,-6,84
20200510,高一五10,56,-9,94
20200511,高一五11,62,-12,104
20200512,高一五12,68,-15,114
20200513,高一五13,74,-18,124
20200514,高一五14,80,-21,134
20200515,高一五15,86,-24,144
20200516,高一五16,92,-27,154
20200517,高一五17,98,-30,164
20200518,高一五18,104,-33,174
20200519,高一五19,110,-36,184
20200520,高一五20,116,-39,194
20200521,高一五21,122,-42,204
20200522,高一五22,128,-45,214
20200523,高一五23,134,-48,224
20200524,高一五24,140,-51,234
20200525,高一五25,146,-54,244
20200526,高一五26,152,-57,254
20200527,高一五27,158,-60,264
20200528,高一五28,164,-63,274
20200529,高一五29,170,-66,284
20200530,高一五30,176,-69,294
20200531,高一五31,182,-72,304
20200532,高一五32,188,-75,314
20200533,高一五33,194,-78,324
20200534,高一五34,200,-81,334
20200535,高一五35,206,-84,344
20200536,高一五36,212,-87,354
20200537,高一五37,218,-90,364
20200538,高一五38,224,-93,374
20200539,高一五39,230,-96,384
20200540,高一五40,236,-99,394
20200541,高一五41,242,-102,404
20200542,高一五42,248,-105,414
20200543,高一五43,254,-108,424
20200544,高一五44,260,-111,434
20200545,高一五45,266,-114,444
20200601,高一六01,2,18,4
20200602,高一六02,3,19,5
20200603,高一六03,4,20,6
20200604,高一六04,5,21,7
20200605,高一六05,6,22,8
20200606,高一六06,7,23,9
20200607,高一六07,8,24,10
20200608,高一六08,9,25,11
20200609,高一六09,10,26,12
20200610,高一六10,11,27,13
20200611,高一六11,12,28,14
20200612,高一六12,13,29,15
20200613,高一六13,14,30,16
20200614,高一六14,15,31,17
20200615,高一六15,16,32,18
20200616,高一六16,17,33,19
20200617,高一六17,18,34,20
20200618,高一六18,19,35,21
20200619,高一六19,20,36,22
20200620,高一六20,21,37,23
20200621,高一六21,22,38,24
20200622,高一六22,23,39,25
20200623,高一六23,24,40,26
20200624,高一六24,25,41,27
20200625,高一六25,26,42,28
20200626,高一六26,27,43,29
20200627,高一六27,28,44,30
20200628,高一六28,29,45,31
20200629,高一六29,30,46,32
20200630,高一六30,31,47,33
20200631,高一六31,32,48,34
20200632,高一六32,33,49,35
20200633,高一六33,34,50,36
20200634,高一六34,35,51,37
20200635,高一六35,36,52,38
20200636,高一六36,37,53,39
20200637,高一六37,38,54,40
20200638,高一六38,39,55,41
20200639,高一六39,40,56,42
20200640,高一六40,41,57,43
20200641,高一六41,42,58,44
20200642,高一六42,43,59,45
20200643,高一六43,44,60,46
20200644,高一六44,45,61,47
20200645,高一六45,46,62,48
20200701,高一七01,2,18,4
20200702,高一七02,3,19,5
20200703,高一七03,4,20,6
20200704,高一七04,5,21,7
20200705,高一七05,6,22,8
20200706,高一七06,7,23,9
20200707,高一七07,8,24,10
20200708,高一七08,9,25,11
20200709,高一七09,10,26,12
20200710,高一七10,11,27,13
20200711,高一七11,12,28,14
20200712,高一七12,13,29,15
20200713,高一七13,14,30,16
20200714,高一七14,15,31,17
20200715,高一七15,16,32,18
20200716,高一七16,17,33,19
20200717,高一七17,18,34,20
20200718,高一七18,19,35,21
20200719,高一七19,20,36,22
20200720,高一七20,21,37,23
20200721,高一七21,22,38,24
20200722,高一七22,23,39,25
20200723,高一七23,24,40,26
20200724,高一七24,25,41,27
20200725,高一七25,26,42,28
20200726,高一七26,27,43,29
20200727,高一七27,28,44,30
20200728,高一七28,29,45,31
20200729,高一七29,30,46,32
20200730,高一七30,31,47,33
20200731,高一七31,32,48,34
20200732,高一七32,33,49,35
20200733,高一七33,34,50,36
20200734,高一七34,35,51,37
20200735,高一七35,36,52,38
20200736,高一七36,37,53,39
20200737,高一七37,38,54,40
20200738,高一七38,39,55,41
20200739,高一七39,40,56,42
20200740,高一七40,41,57,43
20200741,高一七41,42,58,44
20200742,高一七42,43,59,45
20200743,高一七43,44,60,46
20200744,高一七44,45,61,47
20200745,高一七45,46,62,48
20200801,高一八01,2,18,4
20200802,高一八02,3,19,5
20200803,高一八03,4,20,6
20200804,高一八04,5,21,7
20200805,高一八05,6,22,8
20200806,高一八06,7,23,9
20200807,高一八07,8,24,10
20200808,高一八08,9,25,11
20200809,高一八09,10,26,12
20200810,高一八10,11,27,13
20200811,高一八11,12,28,14
20200812,高一八12,13,29,15
20200813,高一八13,14,30,16
20200814,高一八14,15,31,17
20200815,高一八15,16,32,18
20200816,高一八16,17,33,19
20200817,高一八17,18,34,20
20200818,高一八18,19,35,21
20200819,高一八19,20,36,22
20200820,高一八20,21,37,23
20200821,高一八21,22,38,24
20200822,高一八22,23,39,25
20200823,高一八23,24,40,26
20200824,高一八24,25,41,27
20200825,高一八25,26,42,28
20200826,高一八26,27,43,29
20200827,高一八27,28,44,30
20200828,高一八28,29,45,31
20200829,高一八29,30,46,32
20200830,高一八30,31,47,33
20200831,高一八31,32,48,34
20200832,高一八32,33,49,35
20200833,高一八33,34,50,36
20200834,高一八34,35,51,37
20200835,高一八35,36,52,38
20200836,高一八36,37,53,39
20200837,高一八37,38,54,40
20200838,高一八38,39,55,41
20200839,高一八39,40,56,42
20200840,高一八40,41,57,43
20200841,高一八41,42,58,44
20200842,高一八42,43,59,45
20200843,高一八43,44,60,46
20200844,高一八44,45,61,47
20200845,高一八45,46,62,48
20200901,高一九01,2,18,4
20200902,高一九02,3,19,5
20200903,高一九03,4,20,6
20200904,高一九04,5,21,7
20200905,高一九05,6,22,8
20200906,高一九06,7,23,9
20200907,高一九07,8,24,10
20200908,高一九08,9,25,11
20200909,高一九09,10,26,12
20200910,高一九10,11,27,13
20200911,高一九11,12,28,14
20200912,高一九12,13,29,15
20200913,高一九13,14,30,16
20200914,高一九14,15,31,17
20200915,高一九15,16,32,18
20200916,高一九16,17,33,19
20200917,高一九17,18,34,20
20200918,高一九18,19,35,21
20200919,高一九19,20,36,22
20200920,高一九20,21,37,23
20200921,高一九21,22,38,24
20200922,高一九22,23,39,25
20200923,高一九23,24,40,26
20200924,高一九24,25,41,27
20200925,高一九25,26,42,28
20200926,高一九26,27,43,29
20200927,高一九27,28,44,30
20200928,高一九28,29,45,31
20200929,高一九29,30,46,32
20200930,高一九30,31,47,33
20200931,高一九31,32,48,34
20200932,高一九32,33,49,35
20200933,高一九33,34,50,36
20200934,高一九34,35,51,37
20200935,高一九35,36,52,38
20200936,高一九36,37,53,39
20200937,高一九37,38,54,40
20200938,高一九38,39,55,41
20200939,高一九39,40,56,42
20200940,高一九40,41,57,43
20200941,高一九41,42,58,44
20200942,高一九42,43,59,45
20200943,高一九43,44,60,46
20200944,高一九44,45,61,47
20200945,高一九45,46,62,48
20201001,高一十01,2,18,4
20201002,高一十02,3,19,5
20201003,高一十03,4,20,6
20201004,高一十04,5,21,7
20201005,高一十05,6,22,8
20201006,高一十06,7,23,9
20201007,高一十07,8,24,10
20201008,高一十08,9,25,11
20201009,高一十09,10,26,12
20201010,高一十10,11,27,13
20201011,高一十11,12,28,14
20201012,高一十12,13,29,15
20201013,高一十13,14,30,16
20201014,高一十14,15,31,17
20201015,高一十15,16,32,18
20201016,高一十16,17,33,19
20201017,高一十17,18,34,20
20201018,高一十18,19,35,21
20201019,高一十19,20,36,22
20201020,高一十20,21,37,23
20201021,高一十21,22,38,24
20201022,高一十22,23,39,25
20201023,高一十23,24,40,26
20201024,高一十24,25,41,27
20201025,高一十25,26,42,28
20201026,高一十26,27,43,29
20201027,高一十27,28,44,30
20201028,高一十28,29,45,31
20201029,高一十29,30,46,32
20201030,高一十30,31,47,33
20201031,高一十31,32,48,34
20201032,高一十32,33,49,35
20201033,高一十33,34,50,36
20201034,高一十34,35,51,37
20201035,高一十35,36,52,38
20201036,高一十36,37,53,39
20201037,高一十37,38,54,40
20201038,高一十38,39,55,41
20201039,高一十39,40,56,42
20201040,高一十40,41,57,43
20201041,高一十41,42,58,44
20201042,高一十42,43,59,45
20201043,高一十43,44,60,46
20201044,高一十44,45,61,47
20201045,高一十45,46,62,48
20201201,蛟一二01,13,17,11
20201202,蛟一二02,1,11,13
20201203,蛟一二03,3,7,11
20201204,蛟一二04,10,17,2
20201205,蛟一二05,7,4,2
20201206,蛟一二06,19,14,4
20201207,蛟一二07,6,6,16
20201208,蛟一二08,17,19,3
20201209,蛟一二09,7,6,10
20201210,蛟一二10,19,15,15
20201211,蛟一二11,4,18,12
20201212,蛟一二12,5,15,1
20201213,蛟一二13,18,20,6
20201214,蛟一二14,23,8,13
20201215,蛟一二15,19,15,3
20201216,蛟一二16,17,10,13
20201217,蛟一二17,24,1,9
20201218,蛟一二18,23,9,5
20201219,蛟一二19,14,15,15
20201220,蛟一二20,10,18,7
20201221,蛟一二21,5,18,13
20201222,蛟一二22,8,10,5
20201223,蛟一二23,16,8,11
20201224,蛟一二24,19,12,7
20201225,蛟一二25,17,10,1
20201226,蛟一二26,14,8,10
20201227,蛟一二27,21,10,2
20201228,蛟一二28,20,9,9
20201229,蛟一二29,9,11,13
20201230,蛟一二30,20,9,16
20201231,蛟一二31,6,16,11
20201232,蛟一二32,19,8,16
20201233,蛟一二33,1,9,12
20201234,蛟一二34,17,16,5
20201235,蛟一二35,6,11,4
20201236,蛟一二36,15,14,9
20201237,蛟一二37,12,4,4
20201238,蛟一二38,9,4,4
20201239,蛟一二39,1,10,10
20201240,蛟一二40,6,5,1
20201241,蛟一二41,6,12,13
20201242,蛟一二42,16,9,8
20201243,蛟一二43,10,6,6
20201244,蛟一二44,14,19,5
20201245,蛟一二45,23,10,12
20201301,蛟一三01,23,13,1
20201302,蛟一三02,24,11,5
20201303,蛟一三03,10,11,6
20201304,蛟一三04,8,18,13
20201305,蛟一三05,18,8,8
20201306,蛟一三06,5,7,4
20201307,蛟一三07,4,11,11
20201308,蛟一三08,14,12,15
20201309,蛟一三09,22,8,11
20201310,蛟一三10,16,10,4
20201311,蛟一三11,23,20,3
20201312,蛟一三12,23,10,12
20201313,蛟一三13,19,14,7
20201314,蛟一三14,8,7,2
20201315,蛟一三15,2,3,7
20201316,蛟一三16,8,10,7
20201317,蛟一三17,8,3,6
20201318,蛟一三18,9,17,8
20201319,蛟一三19,19,4,1
20201320,蛟一三20,3,14,2
20201321,蛟一三21,13,13,14
20201322,蛟一三22,18,18,4
20201323,蛟一三23,15,12,11
20201324,蛟一三24,20,15,8
20201325,蛟一三25,8,4,10
20201326,蛟一三26,15,19,6
20201327,蛟一三27,17,19,3
20201328,蛟一三28,5,5,15
20201329,蛟一三29,6,12,6
20201330,蛟一三30,2,6,16
20201331,蛟一三31,8,18,1
20201332,蛟一三32,10,14,6
20201333,蛟一三33,9,13,13
20201334,蛟一三34,4,7,5
20201335,蛟一三35,15,3,15
20201336,蛟一三36,8,3,15
20201337,蛟一三37,21,18,2
20201338,蛟一三38,8,13,15
20201339,蛟一三39,9,11,16
20201340,蛟一三40,11,2,1
20201341,蛟一三41,16,20,14
20201342,蛟一三42,12,2,9
20201343,蛟一三43,16,10,4
20201344,蛟一三44,4,13,15
20201345,蛟一三45,7,17,13
20201401,蛟一四01,14,4,14
20201402,蛟一四02,10,2,4
20201403,蛟一四03,19,1,14
20201404,蛟一四04,23,16,3
20201405,蛟一四05,11,7,10
20201406,蛟一四06,15,2,14
20201407,蛟一四07,4,6,16
20201408,蛟一四08,12,10,14
20201409,蛟一四09,3,15,9
20201410,蛟一四10,4,16,15
20201411,蛟一四11,9,16,12
20201412,蛟一四12,1,17,4
20201413,蛟一四13,7,11,4
20201414,蛟一四14,8,11,5
20201415,蛟一四15,15,12,15
20201416,蛟一四16,7,20,15
20201417,蛟一四17,6,10,1
20201418,蛟一四18,6,7,3
20201419,蛟一四19,4,11,5
20201420,蛟一四20,17,12,15
20201421,蛟一四21,11,16,9
20201422,蛟一四22,13,11,1
20201423,蛟一四23,2,12,11
20201424,蛟一四24,11,1,12
20201425,蛟一四25,7,7,13
20201426,蛟一四26,8,17,12
20201427,蛟一四27,18,15,15
20201428,蛟一四28,18,3,14
20201429,蛟一四29,24,6,3
20201430,蛟一四30,17,14,13
20201431,蛟一四31,21,2,7
20201432,蛟一四32,18,11,8
20201433,蛟一四33,8,11,12
20201434,蛟一四34,22,15,13
20201435,蛟一四35,8,2,6
20201436,蛟一四36,13,17,14
20201437,蛟一四37,10,8,10
20201438,蛟一四38,7,2,10
20201439,蛟一四39,12,18,8
20201440,蛟一四40,19,19,12
20201441,蛟一四41,24,2,5
20201442,蛟一四42,9,16,12
20201443,蛟一四43,13,6,15
20201444,蛟一四44,4,6,6
20201445,蛟一四45,14,3,16
20201501,蛟一五01,4,2,1
20201502,蛟一五02,2,17,9
20201503,蛟一五03,16,11,13
20201504,蛟一五04,17,13,14
20201505,蛟一五05,2,12,9
20201506,蛟一五06,13,1,8
20201507,蛟一五07,2,17,1
20201508,蛟一五08,9,7,7
20201509,蛟一五09,24,18,8
20201510,蛟一五10,13,13,15
20201511,蛟一五11,20,13,16
20201512,蛟一五12,4,17,3
20201513,蛟一五13,8,20,8
20201514,蛟一五14,18,9,12
20201515,蛟一五15,17,8,4
20201516,蛟一五16,21,15,13
20201517,蛟一五17,15,17,8
20201518,蛟一五18,11,15,14
20201519,蛟一五19,14,20,11
20201520,蛟一五20,3,8,16
20201521,蛟一五21,7,14,11
20201522,蛟一五22,10,5,11
20201523,蛟一五23,9,1,16
20201524,蛟一五24,23,10,8
20201525,蛟一五25,19,11,5
20201526,蛟一五26,22,4,11
20201527,蛟一五27,6,13,8
20201528,蛟一五28,13,12,2
20201529,蛟一五29,18,15,8
20201530,蛟一五30,14,5,10
20201531,蛟一五31,12,8,16
20201532,蛟一五32,10,15,11
20201533,蛟一五33,1,12,15
20201534,蛟一五34,11,1,6
20201535,蛟一五35,3,12,9
20201536,蛟一五36,6,6,11
20201537,蛟一五37,5,10,5
20201538,蛟一五38,7,10,9
20201539,蛟一五39,21,6,1
20201540,蛟一五40,20,14,8
20201541,蛟一五41,18,4,12
20201542,蛟一五42,10,3,6
20201543,蛟一五43,23,16,8
20201544,蛟一五44,15,4,7
20201545,蛟一五45,15,15,3
20201601,蛟一六01,21,17,8
20201602,蛟一六02,21,15,9
20201603,蛟一六03,6,15,3
20201604,蛟一六04,22,11,2
20201605,蛟一六05,17,1,6
20201606,蛟一六06,12,20,2
20201607,蛟一六07,10,7,12
20201608,蛟一六08,2,13,14
20201609,蛟一六09,6,14,4
20201610,蛟一六10,18,9,2
20201611,蛟一六11,23,5,2
20201612,蛟一六12,2,17,14
20201613,蛟一六13,6,8,11
20201614,蛟一六14,16,20,1
20201615,蛟一六15,9,19,12
20201616,蛟一六16,4,17,5
20201617,蛟一六17,15,2,5
20201618,蛟一六18,8,11,14
20201619,蛟一六19,7,2,15
20201620,蛟一六20,10,12,15
20201621,蛟一六21,15,20,5
20201622,蛟一六22,19,8,10
20201623,蛟一六23,9,3,2
20201624,蛟一六24,10,20,6
20201625,蛟一六25,18,20,12
20201626,蛟一六26,17,12,11
20201627,蛟一六27,13,12,9
20201628,蛟一六28,11,6,7
20201629,蛟一六29,23,19,7
20201630,蛟一六30,12,18,2
20201631,蛟一六31,6,1,7
20201632,蛟一六32,7,16,3
20201633,蛟一六33,4,1,8
20201634,蛟一六34,18,16,2
20201635,蛟一六35,12,4,2
20201636,蛟一六36,8,7,2
20201637,蛟一六37,12,13,6
20201638,蛟一六38,8,5,7
20201639,蛟一六39,24,8,14
20201640,蛟一六40,13,13,16
20201641,蛟一六41,6,15,6
20201642,蛟一六42,20,3,15
20201643,蛟一六43,3,14,5
20201644,蛟一六44,11,15,15
20201645,蛟一六45,14,18,3
20201701,蛟一七01,13,13,6
20201702,蛟一七02,7,19,3
20201703,蛟一七03,4,20,9
20201704,蛟一七04,2,13,14
20201705,蛟一七05,1,9,5
20201706,蛟一七06,10,2,14
20201707,蛟一七07,4,8,16
20201708,蛟一七08,8,1,15
20201709,蛟一七09,6,4,8
20201710,蛟一七10,18,3,10
20201711,蛟一七11,10,18,12
20201712,蛟一七12,11,8,4
20201713,蛟一七13,8,19,7
20201714,蛟一七14,4,10,13
20201715,蛟一七15,21,11,15
20201716,蛟一七16,11,14,5
20201717,蛟一七17,8,3,6
20201718,蛟一七18,1,5,12
20201719,蛟一七19,9,2,10
20201720,蛟一七20,11,19,9
20201721,蛟一七21,7,7,14
20201722,蛟一七22,18,14,15
20201723,蛟一七23,14,10,8
20201724,蛟一七24,21,15,11
20201725,蛟一七25,11,14,15
20201726,蛟一七26,23,15,14
20201727,蛟一七27,10,11,15
20201728,蛟一七28,10,12,1
20201729,蛟一七29,11,10,8
20201730,蛟一七30,13,20,8
20201731,蛟一七31,7,15,3
20201732,蛟一七32,4,13,4
20201733,蛟一七33,18,6,13
20201734,蛟一七34,5,8,2
20201735,蛟一七35,7,12,5
20201736,蛟一七36,2,12,9
20201737,蛟一七37,7,10,16
20201738,蛟一七38,21,15,5
20201739,蛟一七39,4,20,6
20201740,蛟一七40,1,17,13
20201741,蛟一七41,1,3,6
20201742,蛟一七42,9,4,2
20201743,蛟一七43,12,1,6
20201744,蛟一七44,8,2,13
20201745,蛟一七45,23,10,11
20190101,高二一01,1,17,13
20190102,高二一02,13,6,14
20190103,高二一03,4,10,10
20190104,高二一04,7,10,4
20190105,高二一05,3,9,13
20190106,高二一06,18,9,7
20190107,高二一07,19,19,13
20190108,高二一08,15,17,6
20190109,高二一09,19,9,11
20190110,高二一10,0,3,15
20190111,高二一11,24,16,2
20190112,高二一12,18,5,2
20190113,高二一13,5,14,13
20190114,高二一14,18,2,8
20190115,高二一15,22,17,12
20190116,高二一16,12,18,10
20190117,高二一17,5,3,5
20190118,高二一18,21,0,8
20190119,高二一19,18,3,8
20190120,高二一20,1,7,11
20190121,高二一21,20,15,8
20190122,高二一22,16,8,15
20190123,高二一23,17,15,1
20190124,高二一24,12,19,14
20190125,高二一25,2,10,12
20190126,高二一26,5,5,7
20190127,高二一27,9,1,13
20190128,高二一28,16,6,12
20190129,高二一29,22,7,5
20190130,高二一30,16,11,15
20190131,高二一31,9,17,16
20190132,高二一32,4,15,0
20190133,高二一33,21,0,15
20190134,高二一34,19,9,5
20190135,高二一35,15,0,16
20190136,高二一36,16,12,16
20190137,高二一37,17,0,13
20190138,高二一38,22,3,1
20190139,高二一39,18,17,4
20190140,高二一40,10,20,8
20190141,高二一41,16,1,0
20190142,高二一42,21,12,16
20190143,高二一43,12,12,16
20190144,高二一44,15,18,15
20190145,高二一45,9,17,3
20190201,高二二01,19,0,7
20190202,高二二02,20,1,7
20190203,高二二03,12,18,0
20190204,高二二04,12,8,1
20190205,高二二05,8,19,11
20190206,高二二06,0,1,8
20190207,高二二07,14,20,16
20190208,高二二08,21,17,4
20190209,高二二09,18,5,1
20190210,高二二10,16,10,7
20190211,高二二11,4,11,1
20190212,高二二12,22,7,6
20190213,高二二13,14,12,9
20190214,高二二14,6,5,16
20190215,高二二15,18,15,7
20190216,高二二16,19,12,16
20190217,高二二17,13,18,16
20190218,高二二18,10,16,7
20190219,高二二19,18,8,8
20190220,高二二20,0,6,9
20190221,高二二21,12,2,0
20190222,高二二22,15,12,8
20190223,高二二23,20,17,7
20190224,高二二24,13,5,2
20190225,高二二25,15,20,3
20190226,高二二26,2,14,13
20190227,高二二27,0,5,4
20190228,高二二28,16,2,9
20190229,高二二29,21,14,16
20190230,高二二30,13,4,15
20190231,高二二31,24,5,3
20190232,高二二32,20,19,3
20190233,高二二33,24,19,1
20190234,高二二34,0,5,11
20190235,高二二35,23,8,5
20190236,高二二36,12,19,2
20190237,高二二37,4,13,10
20190238,高二二38,20,7,10
20190239,高二二39,2,2,7
20190240,高二二40,9,10,16
20190241,高二二41,24,2,13
20190242,高二二42,13,15,4
20190243,高二二43,23,17,16
20190244,高二二44,8,18,9
20190245,高二二45,0,9,11
20190301,高二三01,14,10,11
20190302,高二三02,18,2,1
20190303,高二三03,14,11,1
20190304,高二三04,23,15,13
20190305,高二三05,13,0,0
20190306,高二三06,13,10,0
20190307,高二三07,7,15,6
20190308,高二三08,15,0,10
20190309,高二三09,9,19,7
20190310,高二三10,4,17,0
20190311,高二三11,10,5,3
20190312,高二三12,17,10,15
20190313,高二三13,10,11,6
20190314,高二三14,17,7,4
20190315,高二三15,23,19,13
20190316,高二三16,0,14,16
20190317,高二三17,21,9,2
20190318,高二三18,18,11,13
20190319,高二三19,1,5,12
20190320,高二三20,22,9,1
20190321,高二三21,10,16,5
20190322,高二三22,14,1,1
20190323,高二三23,21,13,14
20190324,高二三24,15,2,14
20190325,高二三25,17,5,13
20190326,高二三26,2,12,11
20190327,高二三27,1,7,7
20190328,高二三28,15,18,9
20190329,高二三29,24,1,13
20190330,高二三30,17,7,16
20190331,高二三31,4,5,12
20190332,高二三32,2,12,7
20190333,高二三33,5,9,8
20190334,高二三34,1,0,14
20190335,高二三35,2,7,15
20190336,高二三36,16,6,3
20190337,高二三37,7,19,5
20190338,高二三38,7,19,2
20190339,高二三39,3,16,10
20190340,高二三40,10,5,7
20190341,高二三41,1,18,2
20190342,高二三42,1,3,3
20190343,高二三43,20,14,15
20190344,高二三44,5,0,1
20190345,高二三45,23,18,4
20190401,高二四01,0,13,7
20190402,高二四02,19,20,2
20190403,高二四03,17,10,14
20190404,高二四04,2,0,5
20190405,高二四05,12,10,13
20190406,高二四06,12,16,15
20190407,高二四07,23,18,5
20190408,高二四08,13,14,5
20190409,高二四09,1,2,5
20190410,高二四10,14,12,7
20190411,高二四11,15,9,3
20190412,高二四12,15,15,1
20190413,高二四13,10,1,12
20190414,高二四14,17,0,11
20190415,高二四15,22,13,10
20190416,高二四16,23,5,11
20190417,高二四17,21,5,3
20190418,高二四18,23,12,12
20190419,高二四19,24,7,12
20190420,高二四20,17,19,8
20190421,高二四21,7,18,4
20190422,高二四22,20,16,4
20190423,高二四23,10,12,10
20190424,高二四24,13,4,1
20190425,高二四25,4,11,7
20190426,高二四26,14,20,12
20190427,高二四27,14,14,7
20190428,高二四28,21,19,15
20190429,高二四29,16,16,12
20190430,高二四30,7,8,14
20190431,高二四31,21,17,9
20190432,高二四32,14,3,15
20190433,高二四33,5,17,2
20190434,高二四34,7,3,5
20190435,高二四35,23,20,12
20190436,高二四36,17,20,6
20190437,高二四37,20,14,14
20190438,高二四38,24,13,11
20190439,高二四39,0,8,12
20190440,高二四40,17,0,10
20190441,高二四41,19,7,3
20190442,高二四42,11,4,12
20190443,高二四43,12,4,10
20190444,高二四44,5,18,6
20190445,高二四45,12,12,9
20190501,高二五01,2,18,4
20190502,高二五02,8,15,14
20190503,高二五03,14,12,24
20190504,高二五04,20,9,34
20190505,高二五05,26,6,44
20190506,高二五06,32,3,54
20190507,高二五07,38,0,64
20190508,高二五08,44,-3,74
20190509,高二五09,50,-6,84
20190510,高二五10,56,-9,94
20190511,高二五11,62,-12,104
20190512,高二五12,68,-15,114
20190513,高二五13,74,-18,124
20190514,高二五14,80,-21,134
20190515,高二五15,86,-24,144
20190516,高二五16,92,-27,154
20190517,高二五17,98,-30,164
20190518,高二五18,104,-33,174
20190519,高二五19,110,-36,184
20190520,高二五20,116,-39,194
20190521,高二五21,122,-42,204
20190522,高二五22,128,-45,214
20190523,高二五23,134,-48,224
20190524,高二五24,140,-51,234
20190525,高二五25,146,-54,244
20190526,高二五26,152,-57,254
20190527,高二五27,158,-60,264
20190528,高二五28,164,-63,274
20190529,高二五29,170,-66,284
20190530,高二五30,176,-69,294
20190531,高二五31,182,-72,304
20190532,高二五32,188,-75,314
20190533,高二五33,194,-78,324
20190534,高二五34,200,-81,334
20190535,高二五35,206,-84,344
20190536,高二五36,212,-87,354
20190537,高二五37,218,-90,364
20190538,高二五38,224,-93,374
20190539,高二五39,230,-96,384
20190540,高二五40,236,-99,394
20190541,高二五41,242,-102,404
20190542,高二五42,248,-105,414
20190543,高二五43,254,-108,424
20190544,高二五44,260,-111,434
20190545,高二五45,266,-114,444
20190601,高二六01,2,18,4
20190602,高二六02,3,19,5
20190603,高二六03,4,20,6
20190604,高二六04,5,21,7
20190605,高二六05,6,22,8
20190606,高二六06,7,23,9
20190607,高二六07,8,24,10
20190608,高二六08,9,25,11
20190609,高二六09,10,26,12
20190610,高二六10,11,27,13
20190611,高二六11,12,28,14
20190612,高二六12,13,29,15
20190613,高二六13,14,30,16
20190614,高二六14,15,31,17
20190615,高二六15,16,32,18
20190616,高二六16,17,33,19
20190617,高二六17,18,34,20
20190618,高二六18,19,35,21
20190619,高二六19,20,36,22
20190620,高二六20,21,37,23
20190621,高二六21,22,38,24
20190622,高二六22,23,39,25
20190623,高二六23,24,40,26
20190624,高二六24,25,41,27
20190625,高二六25,26,42,28
20190626,高二六26,27,43,29
20190627,高二六27,28,44,30
20190628,高二六28,29,45,31
20190629,高二六29,30,46,32
20190630,高二六30,31,47,33
20190631,高二六31,32,48,34
20190632,高二六32,33,49,35
20190633,高二六33,34,50,36
20190634,高二六34,35,51,37
20190635,高二六35,36,52,38
20190636,高二六36,37,53,39
20190637,高二六37,38,54,40
20190638,高二六38,39,55,41
20190639,高二六39,40,56,42
20190640,高二六40,41,57,43
20190641,高二六41,42,58,44
20190642,高二六42,43,59,45
20190643,高二六43,44,60,46
20190644,高二六44,45,61,47
20190645,高二六45,46,62,48
20190701,高二七01,2,18,4
20190702,高二七02,3,19,5
20190703,高二七03,4,20,6
20190704,高二七04,5,21,7
20190705,高二七05,6,22,8
20190706,高二七06,7,23,9
20190707,高二七07,8,24,10
20190708,高二七08,9,25,11
20190709,高二七09,10,26,12
20190710,高二七10,11,27,13
20190711,高二七11,12,28,14
20190712,高二七12,13,29,15
20190713,高二七13,14,30,16
20190714,高二七14,15,31,17
20190715,高二七15,16,32,18
20190716,高二七16,17,33,19
20190717,高二七17,18,34,20
20190718,高二七18,19,35,21
20190719,高二七19,20,36,22
20190720,高二七20,21,37,23
20190721,高二七21,22,38,24
20190722,高二七22,23,39,25
20190723,高二七23,24,40,26
20190724,高二七24,25,41,27
20190725,高二七25,26,42,28
20190726,高二七26,27,43,29
20190727,高二七27,28,44,30
20190728,高二七28,29,45,31
20190729,高二七29,30,46,32
20190730,高二七30,31,47,33
20190731,高二七31,32,48,34
20190732,高二七32,33,49,35
20190733,高二七33,34,50,36
20190734,高二七34,35,51,37
20190735,高二七35,36,52,38
20190736,高二七36,37,53,39
20190737,高二七37,38,54,40
20190738,高二七38,39,55,41
20190739,高二七39,40,56,42
20190740,高二七40,41,57,43
20190741,高二七41,42,58,44
20190742,高二七42,43,59,45
20190743,高二七43,44,60,46
20190744,高二七44,45,61,47
20190745,高二七45,46,62,48
20190801,高二八01,2,18,4
20190802,高二八02,3,19,5
20190803,高二八03,4,20,6
20190804,高二八04,5,21,7
20190805,高二八05,6,22,8
20190806,高二八06,7,23,9
20190807,高二八07,8,24,10
20190808,高二八08,9,25,11
20190809,高二八09,10,26,12
20190810,高二八10,11,27,13
20190811,高二八11,12,28,14
20190812,高二八12,13,29,15
20190813,高二八13,14,30,16
20190814,高二八14,15,31,17
20190815,高二八15,16,32,18
20190816,高二八16,17,33,19
20190817,高二八17,18,34,20
20190818,高二八18,19,35,21
20190819,高二八19,20,36,22
20190820,高二八20,21,37,23
20190821,高二八21,22,38,24
20190822,高二八22,23,39,25
20190823,高二八23,24,40,26
20190824,高二八24,25,41,27
20190825,高二八25,26,42,28
20190826,高二八26,27,43,29
20190827,高二八27,28,44,30
20190828,高二八28,29,45,31
20190829,高二八29,30,46,32
20190830,高二八30,31,47,33
20190831,高二八31,32,48,34
20190832,高二八32,33,49,35
20190833,高二八33,34,50,36
20190834,高二八34,35,51,37
20190835,高二八35,36,52,38
20190836,高二八36,37,53,39
20190837,高二八37,38,54,40
20190838,高二八38,39,55,41
20190839,高二八39,40,56,42
20190840,高二八40,41,57,43
20190841,高二八41,42,58,44
20190842,高二八42,43,59,45
20190843,高二八43,44,60,46
20190844,高二八44,45,61,47
20190845,高二八45,46,62,48
20190901,高二九01,2,18,4
20190902,高二九02,3,19,5
20190903,高二九03,4,20,6
20190904,高二九04,5,21,7
20190905,高二九05,6,22,8
20190906,高二九06,7,23,9
20190907,高二九07,8,24,10
20190908,高二九08,9,25,11
20190909,高二九09,10,26,12
20190910,高二九10,11,27,13
20190911,高二九11,12,28,14
20190912,高二九12,13,29,15
20190913,高二九13,14,30,16
20190914,高二九14,15,31,17
20190915,高二九15,16,32,18
20190916,高二九16,17,33,19
20190917,高二九17,18,34,20
20190918,高二九18,19,35,21
20190919,高二九19,20,36,22
20190920,高二九20,21,37,23
20190921,高二九21,22,38,24
20190922,高二九22,23,39,25
20190923,高二九23,24,40,26
20190924,高二九24,25,41,27
20190925,高二九25,26,42,28
20190926,高二九26,27,43,29
20190927,高二九27,28,44,30
20190928,高二九28,29,45,31
20190929,高二九29,30,46,32
20190930,高二九30,31,47,33
20190931,高二九31,32,48,34
20190932,高二九32,33,49,35
20190933,高二九33,34,50,36
20190934,高二九34,35,51,37
20190935,高二九35,36,52,38
20190936,高二九36,37,53,39
20190937,高二九37,38,54,40
20190938,高二九38,39,55,41
20190939,高二九39,40,56,42
20190940,高二九40,41,57,43
20190941,高二九41,42,58,44
20190942,高二九42,43,59,45
20190943,高二九43,44,60,46
20190944,高二九44,45,61,47
20190945,高二九45,46,62,48
20191001,高二十01,2,18,4
20191002,高二十02,3,19,5
20191003,高二十03,4,20,6
20191004,高二十04,5,21,7
20191005,高二十05,6,22,8
20191006,高二十06,7,23,9
20191007,高二十07,8,24,10
20191008,高二十08,9,25,11
20191009,高二十09,10,26,12
20191010,高二十10,11,27,13
20191011,高二十11,12,28,14
20191012,高二十12,13,29,15
20191013,高二十13,14,30,16
20191014,高二十14,15,31,17
20191015,高二十15,16,32,18
20191016,高二十16,17,33,19
20191017,高二十17,18,34,20
20191018,高二十18,19,35,21
20191019,高二十19,20,36,22
20191020,高二十20,21,37,23
20191021,高二十21,22,38,24
20191022,高二十22,23,39,25
20191023,高二十23,24,40,26
20191024,高二十24,25,41,27
20191025,高二十25,26,42,28
20191026,高二十26,27,43,29
20191027,高二十27,28,44,30
20191028,高二十28,29,45,31
20191029,高二十29,30,46,32
20191030,高二十30,31,47,33
20191031,高二十31,32,48,34
20191032,高二十32,33,49,35
20191033,高二十33,34,50,36
20191034,高二十34,35,51,37
20191035,高二十35,36,52,38
20191036,高二十36,37,53,39
20191037,高二十37,38,54,40
20191038,高二十38,39,55,41
20191039,高二十39,40,56,42
20191040,高二十40,41,57,43
20191041,高二十41,42,58,44
20191042,高二十42,43,59,45
20191043,高二十43,44,60,46
20191044,高二十44,45,61,47
20191045,高二十45,46,62,48
20191201,蛟二二01,13,17,11
20191202,蛟二二02,1,11,13
20191203,蛟二二03,3,7,11
20191204,蛟二二04,10,17,2
20191205,蛟二二05,7,4,2
20191206,蛟二二06,19,14,4
20191207,蛟二二07,6,6,16
20191208,蛟二二08,17,19,3
20191209,蛟二二09,7,6,10
20191210,蛟二二10,19,15,15
20191211,蛟二二11,4,18,12
20191212,蛟二二12,5,15,1
20191213,蛟二二13,18,20,6
20191214,蛟二二14,23,8,13
20191215,蛟二二15,19,15,3
20191216,蛟二二16,17,10,13
20191217,蛟二二17,24,1,9
20191218,蛟二二18,23,9,5
20191219,蛟二二19,14,15,15
20191220,蛟二二20,10,18,7
20191221,蛟二二21,5,18,13
20191222,蛟二二22,8,10,5
20191223,蛟二二23,16,8,11
20191224,蛟二二24,19,12,7
20191225,蛟二二25,17,10,1
20191226,蛟二二26,14,8,10
20191227,蛟二二27,21,10,2
20191228,蛟二二28,20,9,9
20191229,蛟二二29,9,11,13
20191230,蛟二二30,20,9,16
20191231,蛟二二31,6,16,11
20191232,蛟二二32,19,8,16
20191233,蛟二二33,1,9,12
20191234,蛟二二34,17,16,5
20191235,蛟二二35,6,11,4
20191236,蛟二二36,15,14,9
20191237,蛟二二37,12,4,4
20191238,蛟二二38,9,4,4
20191239,蛟二二39,1,10,10
20191240,蛟二二40,6,5,1
20191241,蛟二二41,6,12,13
20191242,蛟二二42,16,9,8
20191243,蛟二二43,10,6,6
20191244,蛟二二44,14,19,5
20191245,蛟二二45,23,10,12
20191301,蛟二三01,23,13,1
20191302,蛟二三02,24,11,5
20191303,蛟二三03,10,11,6
20191304,蛟二三04,8,18,13
20191305,蛟二三05,18,8,8
20191306,蛟二三06,5,7,4
20191307,蛟二三07,4,11,11
20191308,蛟二三08,14,12,15
20191309,蛟二三09,22,8,11
20191310,蛟二三10,16,10,4
20191311,蛟二三11,23,20,3
20191312,蛟二三12,23,10,12
20191313,蛟二三13,19,14,7
20191314,蛟二三14,8,7,2
20191315,蛟二三15,2,3,7
20191316,蛟二三16,8,10,7
20191317,蛟二三17,8,3,6
20191318,蛟二三18,9,17,8
20191319,蛟二三19,19,4,1
20191320,蛟二三20,3,14,2
20191321,蛟二三21,13,13,14
20191322,蛟二三22,18,18,4
20191323,蛟二三23,15,12,11
20191324,蛟二三24,20,15,8
20191325,蛟二三25,8,4,10
20191326,蛟二三26,15,19,6
20191327,蛟二三27,17,19,3
20191328,蛟二三28,5,5,15
20191329,蛟二三29,6,12,6
20191330,蛟二三30,2,6,16
20191331,蛟二三31,8,18,1
20191332,蛟二三32,10,14,6
20191333,蛟二三33,9,13,13
20191334,蛟二三34,4,7,5
20191335,蛟二三35,15,3,15
20191336,蛟二三36,8,3,15
20191337,蛟二三37,21,18,2
20191338,蛟二三38,8,13,15
20191339,蛟二三39,9,11,16
20191340,蛟二三40,11,2,1
20191341,蛟二三41,16,20,14
20191342,蛟二三42,12,2,9
20191343,蛟二三43,16,10,4
20191344,蛟二三44,4,13,15
20191345,蛟二三45,7,17,13
20191401,蛟二四01,14,4,14
20191402,蛟二四02,10,2,4
20191403,蛟二四03,19,1,14
20191404,蛟二四04,23,16,3
20191405,蛟二四05,11,7,10
20191406,蛟二四06,15,2,14
20191407,蛟二四07,4,6,16
20191408,蛟二四08,12,10,14
20191409,蛟二四09,3,15,9
20191410,蛟二四10,4,16,15
20191411,蛟二四11,9,16,12
20191412,蛟二四12,1,17,4
20191413,蛟二四13,7,11,4
20191414,蛟二四14,8,11,5
20191415,蛟二四15,15,12,15
20191416,蛟二四16,7,20,15
20191417,蛟二四17,6,10,1
20191418,蛟二四18,6,7,3
20191419,蛟二四19,4,11,5
20191420,蛟二四20,17,12,15
20191421,蛟二四21,11,16,9
20191422,蛟二四22,13,11,1
20191423,蛟二四23,2,12,11
20191424,蛟二四24,11,1,12
20191425,蛟二四25,7,7,13
20191426,蛟二四26,8,17,12
20191427,蛟二四27,18,15,15
20191428,蛟二四28,18,3,14
20191429,蛟二四29,24,6,3
20191430,蛟二四30,17,14,13
20191431,蛟二四31,21,2,7
20191432,蛟二四32,18,11,8
20191433,蛟二四33,8,11,12
20191434,蛟二四34,22,15,13
20191435,蛟二四35,8,2,6
20191436,蛟二四36,13,17,14
20191437,蛟二四37,10,8,10
20191438,蛟二四38,7,2,10
20191439,蛟二四39,12,18,8
20191440,蛟二四40,19,19,12
20191441,蛟二四41,24,2,5
20191442,蛟二四42,9,16,12
20191443,蛟二四43,13,6,15
20191444,蛟二四44,4,6,6
20191445,蛟二四45,14,3,16
20191501,蛟二五01,4,2,1
20191502,蛟二五02,2,17,9
20191503,蛟二五03,16,11,13
20191504,蛟二五04,17,13,14
20191505,蛟二五05,2,12,9
20191506,蛟二五06,13,1,8
20191507,蛟二五07,2,17,1
20191508,蛟二五08,9,7,7
20191509,蛟二五09,24,18,8
20191510,蛟二五10,13,13,15
20191511,蛟二五11,20,13,16
20191512,蛟二五12,4,17,3
20191513,蛟二五13,8,20,8
20191514,蛟二五14,18,9,12
20191515,蛟二五15,17,8,4
20191516,蛟二五16,21,15,13
20191517,蛟二五17,15,17,8
20191518,蛟二五18,11,15,14
20191519,蛟二五19,14,20,11
20191520,蛟二五20,3,8,16
20191521,蛟二五21,7,14,11
20191522,蛟二五22,10,5,11
20191523,蛟二五23,9,1,16
20191524,蛟二五24,23,10,8
20191525,蛟二五25,19,11,5
20191526,蛟二五26,22,4,11
20191527,蛟二五27,6,13,8
20191528,蛟二五28,13,12,2
20191529,蛟二五29,18,15,8
20191530,蛟二五30,14,5,10
20191531,蛟二五31,12,8,16
20191532,蛟二五32,10,15,11
20191533,蛟二五33,1,12,15
20191534,蛟二五34,11,1,6
20191535,蛟二五35,3,12,9
20191536,蛟二五36,6,6,11
20191537,蛟二五37,5,10,5
20191538,蛟二五38,7,10,9
20191539,蛟二五39,21,6,1
20191540,蛟二五40,20,14,8
20191541,蛟二五41,18,4,12
20191542,蛟二五42,10,3,6
20191543,蛟二五43,23,16,8
20191544,蛟二五44,15,4,7
20191545,蛟二五45,15,15,3
20191601,蛟二六01,21,17,8
20191602,蛟二六02,21,15,9
20191603,蛟二六03,6,15,3
20191604,蛟二六04,22,11,2
20191605,蛟二六05,17,1,6
20191606,蛟二六06,12,20,2
20191607,蛟二六07,10,7,12
20191608,蛟二六08,2,13,14
20191609,蛟二六09,6,14,4
20191610,蛟二六10,18,9,2
20191611,蛟二六11,23,5,2
20191612,蛟二六12,2,17,14
20191613,蛟二六13,6,8,11
20191614,蛟二六14,16,20,1
20191615,蛟二六15,9,19,12
20191616,蛟二六16,4,17,5
20191617,蛟二六17,15,2,5
20191618,蛟二六18,8,11,14
20191619,蛟二六19,7,2,15
20191620,蛟二六20,10,12,15
20191621,蛟二六21,15,20,5
20191622,蛟二六22,19,8,10
20191623,蛟二六23,9,3,2
20191624,蛟二六24,10,20,6
20191625,蛟二六25,18,20,12
20191626,蛟二六26,17,12,11
20191627,蛟二六27,13,12,9
20191628,蛟二六28,11,6,7
20191629,蛟二六29,23,19,7
20191630,蛟二六30,12,18,2
20191631,蛟二六31,6,1,7
20191632,蛟二六32,7,16,3
20191633,蛟二六33,4,1,8
20191634,蛟二六34,18,16,2
20191635,蛟二六35,12,4,2
20191636,蛟二六36,8,7,2
20191637,蛟二六37,12,13,6
20191638,蛟二六38,8,5,7
20191639,蛟二六39,24,8,14
20191640,蛟二六40,13,13,16
20191641,蛟二六41,6,15,6
20191642,蛟二六42,20,3,15
20191643,蛟二六43,3,14,5
20191644,蛟二六44,11,15,15
20191645,蛟二六45,14,18,3
20191701,蛟二七01,13,13,6
20191702,蛟二七02,7,19,3
20191703,蛟二七03,4,20,9
20191704,蛟二七04,2,13,14
20191705,蛟二七05,1,9,5
20191706,蛟二七06,10,2,14
20191707,蛟二七07,4,8,16
20191708,蛟二七08,8,1,15
20191709,蛟二七09,6,4,8
20191710,蛟二七10,18,3,10
20191711,蛟二七11,10,18,12
20191712,蛟二七12,11,8,4
20191713,蛟二七13,8,19,7
20191714,蛟二七14,4,10,13
20191715,蛟二七15,21,11,15
20191716,蛟二七16,11,14,5
20191717,蛟二七17,8,3,6
20191718,蛟二七18,1,5,12
20191719,蛟二七19,9,2,10
20191720,蛟二七20,11,19,9
20191721,蛟二七21,7,7,14
20191722,蛟二七22,18,14,15
20191723,蛟二七23,14,10,8
20191724,蛟二七24,21,15,11
20191725,蛟二七25,11,14,15
20191726,蛟二七26,23,15,14
20191727,蛟二七27,10,11,15
20191728,蛟二七28,10,12,1
20191729,蛟二七29,11,10,8
20191730,蛟二七30,13,20,8
20191731,蛟二七31,7,15,3
20191732,蛟二七32,4,13,4
20191733,蛟二七33,18,6,13
20191734,蛟二七34,5,8,2
20191735,蛟二七35,7,12,5
20191736,蛟二七36,2,12,9
20191737,蛟二七37,7,10,16
20191738,蛟二七38,21,15,5
20191739,蛟二七39,4,20,6
20191740,蛟二七40,1,17,13
20191741,蛟二七41,1,3,6
20191742,蛟二七42,9,4,2
20191743,蛟二七43,12,1,6
20191744,蛟二七44,8,2,13
20191745,蛟二七45,23,10,11
20180101,高三一01,1,17,13
20180102,高三一02,13,6,14
20180103,高三一03,4,10,10
20180104,高三一04,7,10,4
20180105,高三一05,3,9,13
20180106,高三一06,18,9,7
20180107,高三一07,19,19,13
20180108,高三一08,15,17,6
20180109,高三一09,19,9,11
20180110,高三一10,0,3,15
20180111,高三一11,24,16,2
20180112,高三一12,18,5,2
20180113,高三一13,5,14,13
20180114,高三一14,18,2,8
20180115,高三一15,22,17,12
20180116,高三一16,12,18,10
20180117,高三一17,5,3,5
20180118,高三一18,21,0,8
20180119,高三一19,18,3,8
20180120,高三一20,1,7,11
20180121,高三一21,20,15,8
20180122,高三一22,16,8,15
20180123,高三一23,17,15,1
20180124,高三一24,12,19,14
20180125,高三一25,2,10,12
20180126,高三一26,5,5,7
20180127,高三一27,9,1,13
20180128,高三一28,16,6,12
20180129,高三一29,22,7,5
20180130,高三一30,16,11,15
20180131,高三一31,9,17,16
20180132,高三一32,4,15,0
20180133,高三一33,21,0,15
20180134,高三一34,19,9,5
20180135,高三一35,15,0,16
20180136,高三一36,16,12,16
20180137,高三一37,17,0,13
20180138,高三一38,22,3,1
20180139,高三一39,18,17,4
20180140,高三一40,10,20,8
20180141,高三一41,16,1,0
20180142,高三一42,21,12,16
20180143,高三一43,12,12,16
20180144,高三一44,15,18,15
20180145,高三一45,9,17,3
20180201,高三二01,19,0,7
20180202,高三二02,20,1,7
20180203,高三二03,12,18,0
20180204,高三二04,12,8,1
20180205,高三二05,8,19,11
20180206,高三二06,0,1,8
20180207,高三二07,14,20,16
20180208,高三二08,21,17,4
20180209,高三二09,18,5,1
20180210,高三二10,16,10,7
20180211,高三二11,4,11,1
20180212,高三二12,22,7,6
20180213,高三二13,14,12,9
20180214,高三二14,6,5,16
20180215,高三二15,18,15,7
20180216,高三二16,19,12,16
20180217,高三二17,13,18,16
20180218,高三二18,10,16,7
20180219,高三二19,18,8,8
20180220,高三二20,0,6,9
20180221,高三二21,12,2,0
20180222,高三二22,15,12,8
20180223,高三二23,20,17,7
20180224,高三二24,13,5,2
20180225,高三二25,15,20,3
20180226,高三二26,2,14,13
20180227,高三二27,0,5,4
20180228,高三二28,16,2,9
20180229,高三二29,21,14,16
20180230,高三二30,13,4,15
20180231,高三二31,24,5,3
20180232,高三二32,20,19,3
20180233,高三二33,24,19,1
20180234,高三二34,0,5,11
20180235,高三二35,23,8,5
20180236,高三二36,12,19,2
20180237,高三二37,4,13,10
20180238,高三二38,20,7,10
20180239,高三二39,2,2,7
20180240,高三二40,9,10,16
20180241,高三二41,24,2,13
20180242,高三二42,13,15,4
20180243,高三二43,23,17,16
20180244,高三二44,8,18,9
20180245,高三二45,0,9,11
20180301,高三三01,14,10,11
20180302,高三三02,18,2,1
20180303,高三三03,14,11,1
20180304,高三三04,23,15,13
20180305,高三三05,13,0,0
20180306,高三三06,13,10,0
20180307,高三三07,7,15,6
20180308,高三三08,15,0,10
20180309,高三三09,9,19,7
20180310,高三三10,4,17,0
20180311,高三三11,10,5,3
20180312,高三三12,17,10,15
20180313,高三三13,10,11,6
20180314,高三三14,17,7,4
20180315,高三三15,23,19,13
20180316,高三三16,0,14,16
20180317,高三三17,21,9,2
20180318,高三三18,18,11,13
20180319,高三三19,1,5,12
20180320,高三三20,22,9,1
20180321,高三三21,10,16,5
20180322,高三三22,14,1,1
20180323,高三三23,21,13,14
20180324,高三三24,15,2,14
20180325,高三三25,17,5,13
20180326,高三三26,2,12,11
20180327,高三三27,1,7,7
20180328,高三三28,15,18,9
20180329,高三三29,24,1,13
20180330,高三三30,17,7,16
20180331,高三三31,4,5,12
20180332,高三三32,2,12,7
20180333,高三三33,5,9,8
20180334,高三三34,1,0,14
20180335,高三三35,2,7,15
20180336,高三三36,16,6,3
20180337,高三三37,7,19,5
20180338,高三三38,7,19,2
20180339,高三三39,3,16,10
20180340,高三三40,10,5,7
20180341,高三三41,1,18,2
20180342,高三三42,1,3,3
20180343,高三三43,20,14,15
20180344,高三三44,5,0,1
20180345,高三三45,23,18,4
20180401,高三四01,0,13,7
20180402,高三四02,19,20,2
20180403,高三四03,17,10,14
20180404,高三四04,2,0,5
20180405,高三四05,12,10,13
20180406,高三四06,12,16,15
20180407,高三四07,23,18,5
20180408,高三四08,13,14,5
20180409,高三四09,1,2,5
20180410,高三四10,14,12,7
20180411,高三四11,15,9,3
20180412,高三四12,15,15,1
20180413,高三四13,10,1,12
20180414,高三四14,17,0,11
20180415,高三四15,22,13,10
20180416,高三四16,23,5,11
20180417,高三四17,21,5,3
20180418,高三四18,23,12,12
20180419,高三四19,24,7,12
20180420,高三四20,17,19,8
20180421,高三四21,7,18,4
20180422,高三四22,20,16,4
20180423,高三四23,10,12,10
20180424,高三四24,13,4,1
20180425,高三四25,4,11,7
20180426,高三四26,14,20,12
20180427,高三四27,14,14,7
20180428,高三四28,21,19,15
20180429,高三四29,16,16,12
20180430,高三四30,7,8,14
20180431,高三四31,21,17,9
20180432,高三四32,14,3,15
20180433,高三四33,5,17,2
20180434,高三四34,7,3,5
20180435,高三四35,23,20,12
20180436,高三四36,17,20,6
20180437,高三四37,20,14,14
20180438,高三四38,24,13,11
20180439,高三四39,0,8,12
20180440,高三四40,17,0,10
20180441,高三四41,19,7,3
20180442,高三四42,11,4,12
20180443,高三四43,12,4,10
20180444,高三四44,5,18,6
20180445,高三四45,12,12,9
20180501,高三五01,2,18,4
20180502,高三五02,8,15,14
20180503,高三五03,14,12,24
20180504,高三五04,20,9,34
20180505,高三五05,26,6,44
20180506,高三五06,32,3,54
20180507,高三五07,38,0,64
20180508,高三五08,44,-3,74
20180509,高三五09,50,-6,84
20180510,高三五10,56,-9,94
20180511,高三五11,62,-12,104
20180512,高三五12,68,-15,114
20180513,高三五13,74,-18,124
20180514,高三五14,80,-21,134
20180515,高三五15,86,-24,144
20180516,高三五16,92,-27,154
20180517,高三五17,98,-30,164
20180518,高三五18,104,-33,174
20180519,高三五19,110,-36,184
20180520,高三五20,116,-39,194
20180521,高三五21,122,-42,204
20180522,高三五22,128,-45,214
20180523,高三五23,134,-48,224
20180524,高三五24,140,-51,234
20180525,高三五25,146,-54,244
20180526,高三五26,152,-57,254
20180527,高三五27,158,-60,264
20180528,高三五28,164,-63,274
20180529,高三五29,170,-66,284
20180530,高三五30,176,-69,294
20180531,高三五31,182,-72,304
20180532,高三五32,188,-75,314
20180533,高三五33,194,-78,324
20180534,高三五34,200,-81,334
20180535,高三五35,206,-84,344
20180536,高三五36,212,-87,354
20180537,高三五37,218,-90,364
20180538,高三五38,224,-93,374
20180539,高三五39,230,-96,384
20180540,高三五40,236,-99,394
20180541,高三五41,242,-102,404
20180542,高三五42,248,-105,414
20180543,高三五43,254,-108,424
20180544,高三五44,260,-111,434
20180545,高三五45,266,-114,444
20180601,高三六01,2,18,4
20180602,高三六02,3,19,5
20180603,高三六03,4,20,6
20180604,高三六04,5,21,7
20180605,高三六05,6,22,8
20180606,高三六06,7,23,9
20180607,高三六07,8,24,10
20180608,高三六08,9,25,11
20180609,高三六09,10,26,12
20180610,高三六10,11,27,13
20180611,高三六11,12,28,14
20180612,高三六12,13,29,15
20180613,高三六13,14,30,16
20180614,高三六14,15,31,17
20180615,高三六15,16,32,18
20180616,高三六16,17,33,19
20180617,高三六17,18,34,20
20180618,高三六18,19,35,21
20180619,高三六19,20,36,22
20180620,高三六20,21,37,23
20180621,高三六21,22,38,24
20180622,高三六22,23,39,25
20180623,高三六23,24,40,26
20180624,高三六24,25,41,27
20180625,高三六25,26,42,28
20180626,高三六26,27,43,29
20180627,高三六27,28,44,30
20180628,高三六28,29,45,31
20180629,高三六29,30,46,32
20180630,高三六30,31,47,33
20180631,高三六31,32,48,34
20180632,高三六32,33,49,35
20180633,高三六33,34,50,36
20180634,高三六34,35,51,37
20180635,高三六35,36,52,38
20180636,高三六36,37,53,39
20180637,高三六37,38,54,40
20180638,高三六38,39,55,41
20180639,高三六39,40,56,42
20180640,高三六40,41,57,43
20180641,高三六41,42,58,44
20180642,高三六42,43,59,45
20180643,高三六43,44,60,46
20180644,高三六44,45,61,47
20180645,高三六45,46,62,48
20180701,高三七01,2,18,4
20180702,高三七02,3,19,5
20180703,高三七03,4,20,6
20180704,高三七04,5,21,7
20180705,高三七05,6,22,8
20180706,高三七06,7,23,9
20180707,高三七07,8,24,10
20180708,高三七08,9,25,11
20180709,高三七09,10,26,12
20180710,高三七10,11,27,13
20180711,高三七11,12,28,14
20180712,高三七12,13,29,15
20180713,高三七13,14,30,16
20180714,高三七14,15,31,17
20180715,高三七15,16,32,18
20180716,高三七16,17,33,19
20180717,高三七17,18,34,20
20180718,高三七18,19,35,21
20180719,高三七19,20,36,22
20180720,高三七20,21,37,23
20180721,高三七21,22,38,24
20180722,高三七22,23,39,25
20180723,高三七23,24,40,26
20180724,高三七24,25,41,27
20180725,高三七25,26,42,28
20180726,高三七26,27,43,29
20180727,高三七27,28,44,30
20180728,高三七28,29,45,31
20180729,高三七29,30,46,32
20180730,高三七30,31,47,33
20180731,高三七31,32,48,34
20180732,高三七32,33,49,35
20180733,高三七33,34,50,36
20180734,高三七34,35,51,37
20180735,高三七35,36,52,38
20180736,高三七36,37,53,39
20180737,高三七37,38,54,40
20180738,高三七38,39,55,41
20180739,高三七39,40,56,42
20180740,高三七40,41,57,43
20180741,高三七41,42,58,44
20180742,高三七42,43,59,45
20180743,高三七43,44,60,46
20180744,高三七44,45,61,47
20180745,高三七45,46,62,48
20180801,高三八01,2,18,4
20180802,高三八02,3,19,5
20180803,高三八03,4,20,6
20180804,高三八04,5,21,7
20180805,高三八05,6,22,8
20180806,高三八06,7,23,9
20180807,高三八07,8,24,10
20180808,高三八08,9,25,11
20180809,高三八09,10,26,12
20180810,高三八10,11,27,13
20180811,高三八11,12,28,14
20180812,高三八12,13,29,15
20180813,高三八13,14,30,16
20180814,高三八14,15,31,17
20180815,高三八15,16,32,18
20180816,高三八16,17,33,19
20180817,高三八17,18,34,20
20180818,高三八18,19,35,21
20180819,高三八19,20,36,22
20180820,高三八20,21,37,23
20180821,高三八21,22,38,24
20180822,高三八22,23,39,25
20180823,高三八23,24,40,26
20180824,高三八24,25,41,27
20180825,高三八25,26,42,28
20180826,高三八26,27,43,29
20180827,高三八27,28,44,30
20180828,高三八28,29,45,31
20180829,高三八29,30,46,32
20180830,高三八30,31,47,33
20180831,高三八31,32,48,34
20180832,高三八32,33,49,35
20180833,高三八33,34,50,36
20180834,高三八34,35,51,37
20180835,高三八35,36,52,38
20180836,高三八36,37,53,39
20180837,高三八37,38,54,40
20180838,高三八38,39,55,41
20180839,高三八39,40,56,42
20180840,高三八40,41,57,43
20180841,高三八41,42,58,44
20180842,高三八42,43,59,45
20180843,高三八43,44,60,46
20180844,高三八44,45,61,47
20180845,高三八45,46,62,48
20180901,高三九01,2,18,4
20180902,高三九02,3,19,5
20180903,高三九03,4,20,6
20180904,高三九04,5,21,7
20180905,高三九05,6,22,8
20180906,高三九06,7,23,9
20180907,高三九07,8,24,10
20180908,高三九08,9,25,11
20180909,高三九09,10,26,12
20180910,高三九10,11,27,13
20180911,高三九11,12,28,14
20180912,高三九12,13,29,15
20180913,高三九13,14,30,16
20180914,高三九14,15,31,17
20180915,高三九15,16,32,18
20180916,高三九16,17,33,19
20180917,高三九17,18,34,20
20180918,高三九18,19,35,21
20180919,高三九19,20,36,22
20180920,高三九20,21,37,23
20180921,高三九21,22,38,24
20180922,高三九22,23,39,25
20180923,高三九23,24,40,26
20180924,高三九24,25,41,27
20180925,高三九25,26,42,28
20180926,高三九26,27,43,29
20180927,高三九27,28,44,30
20180928,高三九28,29,45,31
20180929,高三九29,30,46,32
20180930,高三九30,31,47,33
20180931,高三九31,32,48,34
20180932,高三九32,33,49,35
20180933,高三九33,34,50,36
20180934,高三九34,35,51,37
20180935,高三九35,36,52,38
20180936,高三九36,37,53,39
20180937,高三九37,38,54,40
20180938,高三九38,39,55,41
20180939,高三九39,40,56,42
20180940,高三九40,41,57,43
20180941,高三九41,42,58,44
20180942,高三九42,43,59,45
20180943,高三九43,44,60,46
20180944,高三九44,45,61,47
20180945,高三九45,46,62,48
20181001,高三十01,2,18,4
20181002,高三十02,3,19,5
20181003,高三十03,4,20,6
20181004,高三十04,5,21,7
20181005,高三十05,6,22,8
20181006,高三十06,7,23,9
20181007,高三十07,8,24,10
20181008,高三十08,9,25,11
20181009,高三十09,10,26,12
20181010,高三十10,11,27,13
20181011,高三十11,12,28,14
20181012,高三十12,13,29,15
20181013,高三十13,14,30,16
20181014,高三十14,15,31,17
20181015,高三十15,16,32,18
20181016,高三十16,17,33,19
20181017,高三十17,18,34,20
20181018,高三十18,19,35,21
20181019,高三十19,20,36,22
20181020,高三十20,21,37,23
20181021,高三十21,22,38,24
20181022,高三十22,23,39,25
20181023,高三十23,24,40,26
20181024,高三十24,25,41,27
20181025,高三十25,26,42,28
20181026,高三十26,27,43,29
20181027,高三十27,28,44,30
20181028,高三十28,29,45,31
20181029,高三十29,30,46,32
20181030,高三十30,31,47,33
20181031,高三十31,32,48,34
20181032,高三十32,33,49,35
20181033,高三十33,34,50,36
20181034,高三十34,35,51,37
20181035,高三十35,36,52,38
20181036,高三十36,37,53,39
20181037,高三十37,38,54,40
20181038,高三十38,39,55,41
20181039,高三十39,40,56,42
20181040,高三十40,41,57,43
20181041,高三十41,42,58,44
20181042,高三十42,43,59,45
20181043,高三十43,44,60,46
20181044,高三十44,45,61,47
20181045,高三十45,46,62,48
20181201,蛟三二01,13,17,11
20181202,蛟三二02,1,11,13
20181203,蛟三二03,3,7,11
20181204,蛟三二04,10,17,2
20181205,蛟三二05,7,4,2
20181206,蛟三二06,19,14,4
20181207,蛟三二07,6,6,16
20181208,蛟三二08,17,19,3
20181209,蛟三二09,7,6,10
20181210,蛟三二10,19,15,15
20181211,蛟三二11,4,18,12
20181212,蛟三二12,5,15,1
20181213,蛟三二13,18,20,6
20181214,蛟三二14,23,8,13
20181215,蛟三二15,19,15,3
20181216,蛟三二16,17,10,13
20181217,蛟三二17,24,1,9
20181218,蛟三二18,23,9,5
20181219,蛟三二19,14,15,15
20181220,蛟三二20,10,18,7
20181221,蛟三二21,5,18,13
20181222,蛟三二22,8,10,5
20181223,蛟三二23,16,8,11
20181224,蛟三二24,19,12,7
20181225,蛟三二25,17,10,1
20181226,蛟三二26,14,8,10
20181227,蛟三二27,21,10,2
20181228,蛟三二28,20,9,9
20181229,蛟三二29,9,11,13
20181230,蛟三二30,20,9,16
20181231,蛟三二31,6,16,11
20181232,蛟三二32,19,8,16
20181233,蛟三二33,1,9,12
20181234,蛟三二34,17,16,5
20181235,蛟三二35,6,11,4
20181236,蛟三二36,15,14,9
20181237,蛟三二37,12,4,4
20181238,蛟三二38,9,4,4
20181239,蛟三二39,1,10,10
20181240,蛟三二40,6,5,1
20181241,蛟三二41,6,12,13
20181242,蛟三二42,16,9,8
20181243,蛟三二43,10,6,6
20181244,蛟三二44,14,19,5
20181245,蛟三二45,23,10,12
20181301,蛟三三01,23,13,1
20181302,蛟三三02,24,11,5
20181303,蛟三三03,10,11,6
20181304,蛟三三04,8,18,13
20181305,蛟三三05,18,8,8
20181306,蛟三三06,5,7,4
20181307,蛟三三07,4,11,11
20181308,蛟三三08,14,12,15
20181309,蛟三三09,22,8,11
20181310,蛟三三10,16,10,4
20181311,蛟三三11,23,20,3
20181312,蛟三三12,23,10,12
20181313,蛟三三13,19,14,7
20181314,蛟三三14,8,7,2
20181315,蛟三三15,2,3,7
20181316,蛟三三16,8,10,7
20181317,蛟三三17,8,3,6
20181318,蛟三三18,9,17,8
20181319,蛟三三19,19,4,1
20181320,蛟三三20,3,14,2
20181321,蛟三三21,13,13,14
20181322,蛟三三22,18,18,4
20181323,蛟三三23,15,12,11
20181324,蛟三三24,20,15,8
20181325,蛟三三25,8,4,10
20181326,蛟三三26,15,19,6
20181327,蛟三三27,17,19,3
20181328,蛟三三28,5,5,15
20181329,蛟三三29,6,12,6
20181330,蛟三三30,2,6,16
20181331,蛟三三31,8,18,1
20181332,蛟三三32,10,14,6
20181333,蛟三三33,9,13,13
20181334,蛟三三34,4,7,5
20181335,蛟三三35,15,3,15
20181336,蛟三三36,8,3,15
20181337,蛟三三37,21,18,2
20181338,蛟三三38,8,13,15
20181339,蛟三三39,9,11,16
20181340,蛟三三40,11,2,1
20181341,蛟三三41,16,20,14
20181342,蛟三三42,12,2,9
20181343,蛟三三43,16,10,4
20181344,蛟三三44,4,13,15
20181345,蛟三三45,7,17,13
20181401,蛟三四01,14,4,14
20181402,蛟三四02,10,2,4
20181403,蛟三四03,19,1,14
20181404,蛟三四04,23,16,3
20181405,蛟三四05,11,7,10
20181406,蛟三四06,15,2,14
20181407,蛟三四07,4,6,16
20181408,蛟三四08,12,10,14
20181409,蛟三四09,3,15,9
20181410,蛟三四10,4,16,15
20181411,蛟三四11,9,16,12
20181412,蛟三四12,1,17,4
20181413,蛟三四13,7,11,4
20181414,蛟三四14,8,11,5
20181415,蛟三四15,15,12,15
20181416,蛟三四16,7,20,15
20181417,蛟三四17,6,10,1
20181418,蛟三四18,6,7,3
20181419,蛟三四19,4,11,5
20181420,蛟三四20,17,12,15
20181421,蛟三四21,11,16,9
20181422,蛟三四22,13,11,1
20181423,蛟三四23,2,12,11
20181424,蛟三四24,11,1,12
20181425,蛟三四25,7,7,13
20181426,蛟三四26,8,17,12
20181427,蛟三四27,18,15,15
20181428,蛟三四28,18,3,14
20181429,蛟三四29,24,6,3
20181430,蛟三四30,17,14,13
20181431,蛟三四31,21,2,7
20181432,蛟三四32,18,11,8
20181433,蛟三四33,8,11,12
20181434,蛟三四34,22,15,13
20181435,蛟三四35,8,2,6
20181436,蛟三四36,13,17,14
20181437,蛟三四37,10,8,10
20181438,蛟三四38,7,2,10
20181439,蛟三四39,12,18,8
20181440,蛟三四40,19,19,12
20181441,蛟三四41,24,2,5
20181442,蛟三四42,9,16,12
20181443,蛟三四43,13,6,15
20181444,蛟三四44,4,6,6
20181445,蛟三四45,14,3,16
20181501,蛟三五01,4,2,1
20181502,蛟三五02,2,17,9
20181503,蛟三五03,16,11,13
20181504,蛟三五04,17,13,14
20181505,蛟三五05,2,12,9
20181506,蛟三五06,13,1,8
20181507,蛟三五07,2,17,1
20181508,蛟三五08,9,7,7
20181509,蛟三五09,24,18,8
20181510,蛟三五10,13,13,15
20181511,蛟三五11,20,13,16
20181512,蛟三五12,4,17,3
20181513,蛟三五13,8,20,8
20181514,蛟三五14,18,9,12
20181515,蛟三五15,17,8,4
20181516,蛟三五16,21,15,13
20181517,蛟三五17,15,17,8
20181518,蛟三五18,11,15,14
20181519,蛟三五19,14,20,11
20181520,蛟三五20,3,8,16
20181521,蛟三五21,7,14,11
20181522,蛟三五22,10,5,11
20181523,蛟三五23,9,1,16
20181524,蛟三五24,23,10,8
20181525,蛟三五25,19,11,5
20181526,蛟三五26,22,4,11
20181527,蛟三五27,6,13,8
20181528,蛟三五28,13,12,2
20181529,蛟三五29,18,15,8
20181530,蛟三五30,14,5,10
20181531,蛟三五31,12,8,16
20181532,蛟三五32,10,15,11
20181533,蛟三五33,1,12,15
20181534,蛟三五34,11,1,6
20181535,蛟三五35,3,12,9
20181536,蛟三五36,6,6,11
20181537,蛟三五37,5,10,5
20181538,蛟三五38,7,10,9
20181539,蛟三五39,21,6,1
20181540,蛟三五40,20,14,8
20181541,蛟三五41,18,4,12
20181542,蛟三五42,10,3,6
20181543,蛟三五43,23,16,8
20181544,蛟三五44,15,4,7
20181545,蛟三五45,15,15,3
20181601,蛟三六01,21,17,8
20181602,蛟三六02,21,15,9
20181603,蛟三六03,6,15,3
20181604,蛟三六04,22,11,2
20181605,蛟三六05,17,1,6
20181606,蛟三六06,12,20,2
20181607,蛟三六07,10,7,12
20181608,蛟三六08,2,13,14
20181609,蛟三六09,6,14,4
20181610,蛟三六10,18,9,2
20181611,蛟三六11,23,5,2
20181612,蛟三六12,2,17,14
20181613,蛟三六13,6,8,11
20181614,蛟三六14,16,20,1
20181615,蛟三六15,9,19,12
20181616,蛟三六16,4,17,5
20181617,蛟三六17,15,2,5
20181618,蛟三六18,8,11,14
20181619,蛟三六19,7,2,15
20181620,蛟三六20,10,12,15
20181621,蛟三六21,15,20,5
20181622,蛟三六22,19,8,10
20181623,蛟三六23,9,3,2
20181624,蛟三六24,10,20,6
20181625,蛟三六25,18,20,12
20181626,蛟三六26,17,12,11
20181627,蛟三六27,13,12,9
20181628,蛟三六28,11,6,7
20181629,蛟三六29,23,19,7
20181630,蛟三六30,12,18,2
20181631,蛟三六31,6,1,7
20181632,蛟三六32,7,16,3
20181633,蛟三六33,4,1,8
20181634,蛟三六34,18,16,2
20181635,蛟三六35,12,4,2
20181636,蛟三六36,8,7,2
20181637,蛟三六37,12,13,6
20181638,蛟三六38,8,5,7
20181639,蛟三六39,24,8,14
20181640,蛟三六40,13,13,16
20181641,蛟三六41,6,15,6
20181642,蛟三六42,20,3,15
20181643,蛟三六43,3,14,5
20181644,蛟三六44,11,15,15
20181645,蛟三六45,14,18,3
20181701,蛟三七01,13,13,6
20181702,蛟三七02,7,19,3
20181703,蛟三七03,4,20,9
20181704,蛟三七04,2,13,14
20181705,蛟三七05,1,9,5
20181706,蛟三七06,10,2,14
20181707,蛟三七07,4,8,16
20181708,蛟三七08,8,1,15
20181709,蛟三七09,6,4,8
20181710,蛟三七10,18,3,10
20181711,蛟三七11,10,18,12
20181712,蛟三七12,11,8,4
20181713,蛟三七13,8,19,7
20181714,蛟三七14,4,10,13
20181715,蛟三七15,21,11,15
20181716,蛟三七16,11,14,5
20181717,蛟三七17,8,3,6
20181718,蛟三七18,1,5,12
20181719,蛟三七19,9,2,10
20181720,蛟三七20,11,19,9
20181721,蛟三七21,7,7,14
20181722,蛟三七22,18,14,15
20181723,蛟三七23,14,10,8
20181724,蛟三七24,21,15,11
20181725,蛟三七25,11,14,15
20181726,蛟三七26,23,15,14
20181727,蛟三七27,10,11,15
20181728,蛟三七28,10,12,1
20181729,蛟三七29,11,10,8
20181730,蛟三七30,13,20,8
20181731,蛟三七31,7,15,3
20181732,蛟三七32,4,13,4
20181733,蛟三七33,18,6,13
20181734,蛟三七34,5,8,2
20181735,蛟三七35,7,12,5
20181736,蛟三七36,2,12,9
20181737,蛟三七37,7,10,16
20181738,蛟三七38,21,15,5
20181739,蛟三七39,4,20,6
20181740,蛟三七40,1,17,13
20181741,蛟三七41,1,3,6
20181742,蛟三七42,9,4,2
20181743,蛟三七43,12,1,6
20181744,蛟三七44,8,2,13
20181745,蛟三七45,23,10,11
